{
  "plans": [
    {
      "id": "starter",
      "name": "Starter",
      "monthlyPrice": 79,
      "currency": "BRL",
      "modules": {
        "omnichannel": {
          "enabled": true,
          "chat_sessions": 200
        },
        "crm": {
          "enabled": true,
          "opportunities": 500
        },
        "marketing": {
          "enabled": true,
          "posts_per_month": 20
        },
        "approvals": {
          "enabled": true
        },
        "ai_credits": {
          "enabled": true,
          "credits": 10000
        },
        "governance": {
          "enabled": true
        }
      }
    },
    {
      "id": "pro",
      "name": "Pro",
      "monthlyPrice": 199,
      "currency": "BRL",
      "modules": {
        "omnichannel": {
          "enabled": true,
          "chat_sessions": 1000
        },
        "crm": {
          "enabled": true,
          "opportunities": 5000
        },
        "marketing": {
          "enabled": true,
          "posts_per_month": 80
        },
        "approvals": {
          "enabled": true
        },
        "ai_credits": {
          "enabled": true,
          "credits": 50000
        },
        "governance": {
          "enabled": true
        }
      }
    },
    {
      "id": "business",
      "name": "Business",
      "monthlyPrice": 399,
      "currency": "BRL",
      "modules": {
        "omnichannel": {
          "enabled": true,
          "chat_sessions": 5000
        },
        "crm": {
          "enabled": true,
          "opportunities": 30000
        },
        "marketing": {
          "enabled": true,
          "posts_per_month": 300
        },
        "approvals": {
          "enabled": true
        },
        "ai_credits": {
          "enabled": true,
          "credits": 200000
        },
        "governance": {
          "enabled": true
        }
      }
    }
  ]
}